António Costa disse que, por todas as razões e mais algumas, Portugal deseja as maiores felicidades à presidência alemã para encerrar este assunto.	DT(A-N-T-Ó-N-I-O) DT(C-O-S-T-A) TODAS AS MULHER RAZÃO DIZER MAIS ALGUMAS PORTUGAL ESTE PRESIDÊNCIA FELICIDADES ENCERRAR ASSUNTO DESEJAR
Estou muito preocupado, disse o ministro das Finanças em declarações aos jornalistas no parlamento, no final das votações na especialidade da proposta de Orçamento do Estado para 2021.	MINISTRO DIZER FINANÇAS MULHER DECLARAÇÃO JORNALISTA PARLAMENTO FINAL MULHER VOTAÇÃO ESPECIALIDADE PROPOSTA ORÇAMENTO DO ESTADO PREOCUPAR 2021
Telmo Correia sublinhou que não se trata de defender uma intervenção externa feita por quem não conhece a realidade, mas de ajudar as autoridades moçambicanas a terem meios de resposta para lidar com este problema.	DT(T-E-L-M-O) DT(C-O-R-R-E-I-A) INTERVENÇÃO REALIDADE SUBLINHAR DEFENDER TRATAR FAZER CONHECER NÃO MAS MOÇAMBICANAS AUTORIDADES ESTE MEIOS RESPOSTA PROBLEMA AJUDAR TER LIDAR (NÃO)
Os partidos da oposição voltaram hoje a alertar para problemas nas escolas acentuados pela pandemia da covid-19, criticando a falta de resposta do Governo, e defenderam a testagem da comunidade escolar, que esteve em discussão no parlamento.	HOJE PARTIDO OPOSIÇÃO ESCOLA PROBLEMA 0 0 RESPOSTA GOVERNO ALERTAR VOLTAR ACENTUAR CRITICAR ESCOLAR TESTAGEM COMUNIDADE DISCUSSÃO PARLAMENTO DEFENDER
Secretário de Estado para a Transição Digital	SECRETÁRIO ESTADO A TRANSIÇÃO DIGITAL
Na sequência do teste positivo à covid-19 do secretário de Estado do Planeamento, conhecido no passado sábado, pelas 17:00, o ministro do Planeamento foi submetido a teste, nesse mesmo dia à noite, tendo obtido resultado negativo, indicou, em comunicado, o Ministério do Planeamento.	MINISTRO ESSE SEMPRE SEMPRE SEMPRE SEMPRE SEMPRE SEMPRE SEMPRE SEMPRE SEMPRE SEMPRE SEMPRE SEMPRE SEMPRE SEMPRE SEMPRE SEMPRE SEMPRE SEMPRE SEMPRE SEMPRE SEMPRE SEMPRE SEMPRE SEMPRE SEMPRE SEMPRE SEMPRE SEMPRE SEMPRE SEMPRE SEMPRE
No debate de sexta-feira, o CDS distanciou-se de PS e PSD e, pela primeira vez desde o início da pandemia, não votou a favor do estado de emergência decretado por Marcelo Rebelo de Sousa.	CDS DT(D-E)BATE MULHER SEXTA FEIRA PS DISTANCIAR PELA PRIMEIRA VEZ PSD INÍCIO PANDT(D-E)MIA FAVOR ESTADO EMERGÊNCIA DT(M-A-R-C-E-L-O) DT(R-E-B-E-L-O) DT(S-O-U-S-A) VOTAR DT(D-E)CRETAR (NÃO)
O parlamento procede hoje à votação final global do Orçamento do Estado para 2021, estando a viabilização do documento assegurada depois de o PCP, PEV e PAN terem anunciado que se vão abster.	HOJE VIABILIZAÇÃO PARLAMENTO ORÇAMENTO DO ESTADO VOTAÇÃO 2021 DOCUMENTO PROCEDER ASSEGURAR DEPOIS PEV PCP PAN ABSTER ANUNCIAR
Revogada lei com 15 anos	LEI 15 ANO REVOGAR
Segundo um levantamento levado a acabo pela CIVICA e pelo Lusojornal, maior jornal de língua portuguesa em França, em 2020 foram eleitos mais de 7.200 autarcas de origem portuguesa nas eleições municipais francesas que decorreram em março e junho.	LEVANTAMENTO ACABO CIVICA LEVAR MAIOR ELEITO LUSOJORNAL JORNAL LÍNGUA MAIS MAIS MAIS MAIS MAIS MAIS MAIS MAIS MAIS MULHER ELEIÇÃO MARÇO ELEITAR IR DECORRER
A confederação pretende ainda esclarecer, na reunião com o executivo, a concretização das medidas de apoio existentes, como as que foram anunciadas no Orçamento do Estado para 2021.	AINDA CONFEDERAÇÃO EXISTENTES EXISTENTES EXISTENTES EXISTENTES EXISTENTES ORÇAMENTO DO ESTADO 2021 ESCLARECER PRETENDER ANUNCIAR
O que precisa de saber quanto às eleições?	O MULHER ELEIÇÃO SABER PRECISAR QUANTO (NÃO)
A Provedora de Justiça irá definir o montante da indemnização a pagar e os termos do respetivo pagamento.	PROVEDORA JUSTIÇA MONTANTE TERMOS INDEMNIZAÇÃO PAGAMENTO RESPETIVO DEFINIR PAGAR
O ministro da Administração Interna, Eduardo Cabrita, intervém durante o debate parlamentar na Assembleia da República, em Lisboa, 21 de maio de 2020.	DT(E-D-U-A-R-D-O) DT(C-A-B-R-I-T-A) MINISTRO ADMINISTRAÇÃO INTERNA DEBATE PARLAMENTAR ASSEMBLEIA DA REPÚBLICA 21 LISBOA MAIO 2020 INTERVIR
Eu creio que a verdade é o melhor antidoto contra a desconfiança, por isso, é que a verdade sobre as máscaras, sobre os dados é o melhor caminho.	MELHOR EU VERDADE CRER ANTIDOTO ISSO VERDADE MÁSCARAS DADOS CAMINHO MELHOR
Mas essa, é uma antiga promessa do sr. primeiro-ministro, pelo que lhe cabe executá-la, da forma que entender como possível, justificou.	MAS COMO ESSA PROMESSA PRIMEIRO MINISTRO LHE EXECUTAR EXECUTAR EXECUTAR EXECUTAR EXECUTAR JUSTIFICAR ENTENDER
Em setembro, antes da segunda vaga da pandemia, havia 29 mil trabalhadores em teletrabalho, lembrou a ministra.	ANTES MULHER VAGO SETEMBRO PANDEMIA 1000 TRABALHADOR MINISTRA LEMBRAR HAVER
Empenho a minha palavra de honra em como nunca houve nenhum contacto com o PS e o Governo sobre essa matéria do congresso, disse Jerónimo de Sousa em declarações à RTP.	COMO NENHUM PALAVRA HONRA CONTACTO PS MEU EU EMPENHAR HAVER NUNCA NÃO GOVERNO ESSE MATÉRIA DT(J-E-R-Ó-N-I-M-O) DT(S-O-U-S-A) MULHER DT(D-E)CLARAÇÃO CONGRESSO RTP DIZER
O Governo recusou esta sexta-feira suspender políticas de habitação enquanto se espera pelo Programa Nacional de Habitação, previsto ser apresentado em 2021, explicando que esse plano mais não é do que a repercussão das políticas em curso desde 2016.	GOVERNO ESTE MULHER SEXTA FEIRA POLÍTICA HABITAÇÃO SUSPENDER RECUSAR ENQUANTO MAIS QUE PLANO ESSE APRESENTAR APRESENTAR APRESENTAR APRESENTAR APRESENTAR APRESENTAR APRESENTAR APRESENTAR APRESENTAR APRESENTAR APRESENTAR REPERCUSSÃO POLÍTICA CURSO 2016 (NÃO)
O partido tem uma posição tomada que é a de não apoiar nenhuma candidatura.	PARTIDO NENHUM POSIÇÃO CANDIDATURA TER TOMAR APOIAR (NÃO)
Por fim, a Subsecretaria Regional da Presidência, que albergará os Assuntos Parlamentares e as Relações Externas, ficará a cargo de Pedro Faria e Castro.	FIM SUBSDT(E)CRDT(E)TARIA RDT(E)GIONAL DA PRDT(E)SIDÊNCIA ASSUNTOS PARLAMDT(E)NTARDT(E)S ALBDT(E)RGAR RDT(E)LAÇÕDT(E)S DT(E)XTDT(E)RNAS DT(P-DT(E)-D-R-O) DT(F-A-R-I-A) FICAR
O PS venceu as eleições legislativas regionais, no dia 25 de outubro, mas perdeu a maioria absoluta, que detinha há 20 anos, elegendo 25 deputados.	REGIONAL LEGISLATIVO PS MULHER ELEIÇÃO DIA 25 OUTUBRO VENCER MAS ABSOLUTO MAIORIA HAVER 20 ANO ELEGER 25 DEPUTADO PERDER DETER
PSD, CDS-PP e PPM, que juntos representam 26 deputados, assinaram um acordo de governação	PSD CDS PP JUNTOS PPM 26 DEPUTADO ASSINAR ACORDO GOVERNAÇÃO REPRESENTAR
Com o apoio dos dois deputados do Chega e do deputado único do IL, a coligação de direita soma 29 deputados na Assembleia Legislativa dos Açores, um número suficiente para atingir a maioria absoluta, o que levou Pedro Catarino a indigitar o líder regional social-democrata, José Manuel Bolieiro, como presidente do Governo Regional, no dia 07 de novembro.	APOIO 2 DEPUTADO CHEGA MULHER COLIGAÇÃO DEPUTADO IL ASSEMBLEIA LEGISLATIVA DOS AÇORES DOIS DOIS DOIS DOIS DOIS DOIS DOIS DOIS DOIS DOIS DOIS DOIS DOIS DOIS DOIS DOIS DOIS DOIS DOIS DOIS DOIS DOIS DOIS DOIS DOIS DOIS DOIS DOIS DOIS DOIS DOIS DOIS DOIS DOIS DOIS DOIS DOIS DOIS DOIS DOIS DOIS DOIS DOIS DOIS DOIS DOIS DOIS DOIS DOIS
O PSI-20 sobe 1,30% para 4.424,15 pontos, valorizando mais do que as principais praças europeias, com os CTT a dispararem +4,27% para 2,44 euros	MAIS DO QUE PSI-20 1,30 PRAZO EURO EURO EURO EURO EURO EURO EURO EURO SUBIR VALORIZAR DISPARAR
O segundo título que mais subiu foi a Altri que valorizou +3,63% para 4,11 euros	TÍTULO ALTRI EURO MAIS SUBIR IR VALORIZAR
A Ibersol foi a única ação que não subiu no PSI-20, tendo-se mantido estável	IBERSOL AÇÃO PSI-20 MANTER ESTÁVEL IR SUBIR (NÃO)
O analista do Millennium BCP realçou que as Bolsas europeias encerraram a semana em alta com o PSI20 a liderar os ganhos europeus, impulsionado pela valorização dos CTT e da Altri	ANALISTA EUROOPEU EUROOPEU EUROOPEU EUROOPEU EUROOPEU EUROOPEU EUROOPEU EUROOPEU EUROOPEU EUROOPEU EUROOPEU EUROOPEU EUROOPEU EUROOPEU EUROOPEU EUROOPEU VALORIZAÇÃO CTT ALTRI REALÇAR ENCERRAR LIDERAR IMPULSIONAR
Na hora de fecho europeu o mercado norte-americano segue sem sentimento definido sendo que, uma vez mais, as fabricantes de veículos elétricos mostram-se em valorização expressiva.	UMA VEZ MAIS MERCADO FABRICANTES HORA SENTIMENTO VEÍCULOS EXPRESSIVO VALORIZAÇÃO EXPRESSIVO SEGUIR DEFINIR MOSTRAR
As bolsas europeias ganharam fulgor, numa altura em que parecem persistir as divergências entre os líderes da União Europeia sobre um novo pacote de estímulo económico, diz ainda o analista.	AINDA BOLSAS FULGOR LÍDERES ESTÍMULO ANALISTA GANHAR PERSISTIR PARECER
O EuroStoxx 50 subiu 0,45% para 3.467,6 pontos	EUROSTOXX 50 0,45 3.467,6 PONTO SUBIR
O FTSE 100 subiu 0,27% para 6.351,5 pontos.	FTSE 100 0,27 6.351,5 PONTO SUBIR
Nos EUA continuam as imposições de restrições para travar a pandemia, com o governador da Califórnia a impor um recolher obrigatório à maioria dos residentes	MULHER IMPOSIÇÃO EUA MULHER RESTRIÇÃO PANDEMIA GOVERNADOR CALIFÓRNIA MAIORIA RESIDENTES RECOLHER IMPOR CONTINUAR
O secretário do Tesouro dos EUA, Steven Mnuchin, defendeu o redireccionamento dos estímulos económicos.	ECONÓMICOS SECRETÁRIO DT(S-T-E-V-E-N) DT(M-N-U-C-H-I-N) TESOURO DOS EUA REDIRECCIONAMENTO ESTÍMULOS DEFENDER
O Brent subiu 0,57% para 44,45 dólares.	BRENT 0,57 44,45 DÓLAR SUBIR
O euro perde 0,20% para 1,1851 dólares.	EURO 0,20 1,1851 DÓLAR PERDER
Nas obrigações soberanas, a dívida alemã cai 1,23 pontos base para -0,58%.	SOBERANAS DÍVIDA 1,23 BASE 0 PONTO CAIR
Os deputados aprovaram ainda (apenas com a abstenção do PSD) o aumento extraordinários das pensões mais baixas em 10 euros, em janeiro, uma medida com a qual o Governo já se tinha comprometido.	AINDA GOVERNO DEPUTADO ABSTENÇÃO ABSTENÇÃO ABSTENÇÃO ABSTENÇÃO ABSTENÇÃO ABSTENÇÃO ABSTENÇÃO ABSTENÇÃO ABSTENÇÃO ABSTENÇÃO ABSTENÇÃO ABSTENÇÃO ABSTENÇÃO ABSTENÇÃO ABSTENÇÃO ABSTENÇÃO ABSTENÇÃO ABSTENÇÃO ABSTENÇÃO ABSTENÇÃO ABSTENÇÃO ABSTENÇÃO ABSTENÇÃO
Na proposta de Orçamento do Estado, o Governo tinha escrito que o aumento extra aconteceria em agosto e seria de 10 euros para as pensões até 1,5 IAS.	GOVERNO AUMENTO PROPOSTA ORÇAMENTO DO ESTADO ACONTECER AGOSTO ESCREVER 10 EURO MULHER PENSÃO 1,5 IAS
Mas entretanto, após negociações com o PCP, comprometeu-se em avançar com atualização extra de 10 euros para todas as pensões até 658 euros.	MAS ENTRETANTO EXTRA PCP TODAS AS MULHER PENSÃO MULHER NEGOCIAÇÃO 10 ATUALIZAÇÃO EURO EURO 658 AVANÇAR COMPROMETER
